,created_at_x,author_id,public_metrics_x,text,id_x,referenced_tweets,geo,description,username,id_y,verified,name,public_metrics_y,created_at_y
0,2022-03-09T09:40:32.000Z,4098929897,"{'retweet_count': 0, 'reply_count': 0, 'like_count': 0, 'quote_count': 0}","We offer Online class homework, assignment and exam expert writers help with 
Finance
Economics
Physics
#Onlineclass
#KSU #WSU #FSU #FIU #UCF #NYU #LIU #UNCP #NCAT #TAMU #TWU #UMD #UMUC #UNG #GSU #BGSU #UCI
#NCAT #UCLA #GramFam #WSSU #TSU #TxSU #HBCU #FAMU #TAMU #TAMUK #NSU #XULA",1501493125222735872,,,"Email :Info.chicagoessays@gmail.com                WhatsApp : +1(312) 8183417.      
ğ‘·ğ’‚ğ’šğ‘·ğ’‚ğ’ ğ’‚ğ’„ğ’„ğ’†ğ’‘ğ’•ğ’†ğ’…!",ChicagoEssays,4098929897,False,ASSIGNMENTS || ESSAYS || EXAM || ONLINE CLASS HELP,"{'followers_count': 4095, 'following_count': 4984, 'tweet_count': 78424, 'listed_count': 4}",2015-11-02T18:05:43.000Z
1,2022-03-09T09:38:05.000Z,4098929897,"{'retweet_count': 0, 'reply_count': 0, 'like_count': 0, 'quote_count': 0}","Get onlineclass homework, assignment and exam expert writers help with 
#Coursework 
#Aleks
#cengage
#pearson
#blackboard 
#canvas
#Exams
#quizzes 
#TXST #ncat #uncg #nccu #HBCU #UCI #UNG #UCLA #UMES #uncp #ucd #ucm
#USA #Canada #Australia #UK #Kuwait #malaysia #texas #California",1501492510228725762,,,"Email :Info.chicagoessays@gmail.com                WhatsApp : +1(312) 8183417.      
ğ‘·ğ’‚ğ’šğ‘·ğ’‚ğ’ ğ’‚ğ’„ğ’„ğ’†ğ’‘ğ’•ğ’†ğ’…!",ChicagoEssays,4098929897,False,ASSIGNMENTS || ESSAYS || EXAM || ONLINE CLASS HELP,"{'followers_count': 4095, 'following_count': 4984, 'tweet_count': 78424, 'listed_count': 4}",2015-11-02T18:05:43.000Z
2,2022-03-09T09:18:36.000Z,4098929897,"{'retweet_count': 0, 'reply_count': 0, 'like_count': 0, 'quote_count': 0}","Get expert writers help with
#Essays
#Economics
#Finance
#Accounting
#Exams
#midterms
#quizes #Tests
#Onlineclasses 
#Homework
#Assignment
#SUMMERCLASSES

#NCAT #WSSU #NCCU #TxSU #PVAMU #FAMU #GramFam #UCLA #GSU #ALCORN #HBCU 
#USA #UK #Canada #Australia 
#Newzealand #UAE
Experts",1501487607506685957,,,"Email :Info.chicagoessays@gmail.com                WhatsApp : +1(312) 8183417.      
ğ‘·ğ’‚ğ’šğ‘·ğ’‚ğ’ ğ’‚ğ’„ğ’„ğ’†ğ’‘ğ’•ğ’†ğ’…!",ChicagoEssays,4098929897,False,ASSIGNMENTS || ESSAYS || EXAM || ONLINE CLASS HELP,"{'followers_count': 4095, 'following_count': 4984, 'tweet_count': 78424, 'listed_count': 4}",2015-11-02T18:05:43.000Z
3,2022-03-09T09:16:08.000Z,4098929897,"{'retweet_count': 0, 'reply_count': 0, 'like_count': 0, 'quote_count': 0}","Get expert writers help with

#NCAT #WSSU #NCCU #TxSU #PVAMU #FAMU #GramFam #UCLA #GSU #ALCORN #HBCU 
#Essay pay
#Case study
#History
#Homework 
#Philosophy 
#Assignmentdue
#Statistic
#maths
#chemistry 
#OnlineClass
#summerclass
#Course work
#Essay due
#USA #UK #Australia #Canada",1501486986976276484,,,"Email :Info.chicagoessays@gmail.com                WhatsApp : +1(312) 8183417.      
ğ‘·ğ’‚ğ’šğ‘·ğ’‚ğ’ ğ’‚ğ’„ğ’„ğ’†ğ’‘ğ’•ğ’†ğ’…!",ChicagoEssays,4098929897,False,ASSIGNMENTS || ESSAYS || EXAM || ONLINE CLASS HELP,"{'followers_count': 4095, 'following_count': 4984, 'tweet_count': 78424, 'listed_count': 4}",2015-11-02T18:05:43.000Z
4,2022-03-09T09:13:50.000Z,4098929897,"{'retweet_count': 0, 'reply_count': 0, 'like_count': 0, 'quote_count': 0}","Get online class homework, assignment and exam expert writers help with

#Math #economics

#KSU #WSU #FSU  #FIU #UCF  #GSU #BGSU #UCI #UCLA #WSSU #TxSU #HBCUs #FAMU  #TAMUK #NSU #XULA #UNT #UTA #AMU #PVAMU #FVSU #PSU #PTS #APSU #GCU #ncat #GramFam24
#USA #Canada #Australia #UK",1501486408619462663,,,"Email :Info.chicagoessays@gmail.com                WhatsApp : +1(312) 8183417.      
ğ‘·ğ’‚ğ’šğ‘·ğ’‚ğ’ ğ’‚ğ’„ğ’„ğ’†ğ’‘ğ’•ğ’†ğ’…!",ChicagoEssays,4098929897,False,ASSIGNMENTS || ESSAYS || EXAM || ONLINE CLASS HELP,"{'followers_count': 4095, 'following_count': 4984, 'tweet_count': 78424, 'listed_count': 4}",2015-11-02T18:05:43.000Z
5,2022-03-09T06:40:50.000Z,4098929897,"{'retweet_count': 0, 'reply_count': 0, 'like_count': 1, 'quote_count': 0}","Get online expert writers help with
#assignment 
#homework 
#essay
#research
#thesis
#dissertation #Course #Help #paper #pay #assignments #termpaper #essay #papers #online #class #nursing #thesis #research #paperhelp #collegepaper
#USA #Canada #Australia #UK
#UCLA #USC #ASU #CSU2",1501447903591776257,,,"Email :Info.chicagoessays@gmail.com                WhatsApp : +1(312) 8183417.      
ğ‘·ğ’‚ğ’šğ‘·ğ’‚ğ’ ğ’‚ğ’„ğ’„ğ’†ğ’‘ğ’•ğ’†ğ’…!",ChicagoEssays,4098929897,False,ASSIGNMENTS || ESSAYS || EXAM || ONLINE CLASS HELP,"{'followers_count': 4095, 'following_count': 4984, 'tweet_count': 78424, 'listed_count': 4}",2015-11-02T18:05:43.000Z
6,2022-03-09T09:40:27.000Z,1499368048679030785,"{'retweet_count': 0, 'reply_count': 0, 'like_count': 0, 'quote_count': 0}",who goes farther this year for march madness.... ucla or usc?,1501493107828744192,,,really?,damienmcdougle3,1499368048679030785,False,@damienmcdougle7,"{'followers_count': 1, 'following_count': 64, 'tweet_count': 11, 'listed_count': 0}",2022-03-03T12:56:21.000Z
7,2022-03-09T09:40:23.000Z,1317749693376507904,"{'retweet_count': 0, 'reply_count': 0, 'like_count': 0, 'quote_count': 0}","We offer Online class homework, assignment and exam expert writers help with 
Finance
Economics
Physics
#Onlineclass
#KSU #WSU #FSU #FIU #UCF #NYU #LIU #UNCP #NCAT #TAMU #TWU #UMD #UMUC #UNG #GSU #BGSU #UCI
#NCAT #UCLA #GramFam #WSSU #TSU #TxSU #HBCU #FAMU #TAMU #TAMUK #NSU #XULA",1501493090787508227,,,"Mathematics Help Service CentreÂ°.                     ğ‘·ğ’‚ğ’šğ‘·ğ’‚ğ’ ğ’‚ğ’„ğ’„ğ’†ğ’‘ğ’•ğ’†ğ’…!       
WhatsApp : +44 7520 643 616",HwExpert,1317749693376507904,False,HOMEWORK Â° ASSIGNMENT Â°ESSAYS Â°ECONOMIC EXAMS HELP,"{'followers_count': 506, 'following_count': 551, 'tweet_count': 57004, 'listed_count': 1}",2020-10-18T08:50:17.000Z
8,2022-03-09T09:38:21.000Z,1317749693376507904,"{'retweet_count': 0, 'reply_count': 0, 'like_count': 0, 'quote_count': 0}","Get onlineclass homework, assignment and exam expert writers help with 
#Coursework 
#Aleks
#cengage
#pearson
#blackboard 
#canvas
#Exams
#quizzes 
#TXST #ncat #uncg #nccu #HBCU #UCI #UNG #UCLA #UMES #uncp #ucd #ucm
#USA #Canada #Australia #UK #Kuwait #malaysia #texas #California",1501492578092568577,,,"Mathematics Help Service CentreÂ°.                     ğ‘·ğ’‚ğ’šğ‘·ğ’‚ğ’ ğ’‚ğ’„ğ’„ğ’†ğ’‘ğ’•ğ’†ğ’…!       
WhatsApp : +44 7520 643 616",HwExpert,1317749693376507904,False,HOMEWORK Â° ASSIGNMENT Â°ESSAYS Â°ECONOMIC EXAMS HELP,"{'followers_count': 506, 'following_count': 551, 'tweet_count': 57004, 'listed_count': 1}",2020-10-18T08:50:17.000Z
9,2022-03-09T09:18:54.000Z,1317749693376507904,"{'retweet_count': 0, 'reply_count': 0, 'like_count': 0, 'quote_count': 0}","Get expert writers help with
#Essays
#Economics
#Finance
#Accounting
#Exams
#midterms
#quizes #Tests
#Onlineclasses 
#Homework
#Assignment
#SUMMERCLASSES

#NCAT #WSSU #NCCU #TxSU #PVAMU #FAMU #GramFam #UCLA #GSU #ALCORN #HBCU 
#USA #UK #Canada #Australia 
#Newzealand #UAE
Experts",1501487684270837760,,,"Mathematics Help Service CentreÂ°.                     ğ‘·ğ’‚ğ’šğ‘·ğ’‚ğ’ ğ’‚ğ’„ğ’„ğ’†ğ’‘ğ’•ğ’†ğ’…!       
WhatsApp : +44 7520 643 616",HwExpert,1317749693376507904,False,HOMEWORK Â° ASSIGNMENT Â°ESSAYS Â°ECONOMIC EXAMS HELP,"{'followers_count': 506, 'following_count': 551, 'tweet_count': 57004, 'listed_count': 1}",2020-10-18T08:50:17.000Z
10,2022-03-09T09:15:59.000Z,1317749693376507904,"{'retweet_count': 0, 'reply_count': 0, 'like_count': 0, 'quote_count': 0}","Get expert writers help with

#NCAT #WSSU #NCCU #TxSU #PVAMU #FAMU #GramFam #UCLA #GSU #ALCORN #HBCU 
#Essay pay
#Case study
#History
#Homework 
#Philosophy 
#Assignmentdue
#Statistic
#maths
#chemistry 
#OnlineClass
#summerclass
#Course work
#Essay due
#USA #UK #Australia #Canada",1501486947746910211,,,"Mathematics Help Service CentreÂ°.                     ğ‘·ğ’‚ğ’šğ‘·ğ’‚ğ’ ğ’‚ğ’„ğ’„ğ’†ğ’‘ğ’•ğ’†ğ’…!       
WhatsApp : +44 7520 643 616",HwExpert,1317749693376507904,False,HOMEWORK Â° ASSIGNMENT Â°ESSAYS Â°ECONOMIC EXAMS HELP,"{'followers_count': 506, 'following_count': 551, 'tweet_count': 57004, 'listed_count': 1}",2020-10-18T08:50:17.000Z
11,2022-03-09T09:13:44.000Z,1317749693376507904,"{'retweet_count': 0, 'reply_count': 0, 'like_count': 0, 'quote_count': 0}","Get online class homework, assignment and exam expert writers help with

#Math #economics

#KSU #WSU #FSU  #FIU #UCF  #GSU #BGSU #UCI #UCLA #WSSU #TxSU #HBCUs #FAMU  #TAMUK #NSU #XULA #UNT #UTA #AMU #PVAMU #FVSU #PSU #PTS #APSU #GCU #ncat #GramFam24
#USA #Canada #Australia #UK",1501486381448802304,,,"Mathematics Help Service CentreÂ°.                     ğ‘·ğ’‚ğ’šğ‘·ğ’‚ğ’ ğ’‚ğ’„ğ’„ğ’†ğ’‘ğ’•ğ’†ğ’…!       
WhatsApp : +44 7520 643 616",HwExpert,1317749693376507904,False,HOMEWORK Â° ASSIGNMENT Â°ESSAYS Â°ECONOMIC EXAMS HELP,"{'followers_count': 506, 'following_count': 551, 'tweet_count': 57004, 'listed_count': 1}",2020-10-18T08:50:17.000Z
12,2022-03-09T06:40:58.000Z,1317749693376507904,"{'retweet_count': 0, 'reply_count': 0, 'like_count': 1, 'quote_count': 0}","Get online expert writers help with
#assignment 
#homework 
#essay
#research
#thesis
#dissertation #Course #Help #paper #pay #assignments #termpaper #essay #papers #online #class #nursing #thesis #research #paperhelp #collegepaper
#USA #Canada #Australia #UK
#UCLA #USC #ASU #CSU2",1501447938417086467,,,"Mathematics Help Service CentreÂ°.                     ğ‘·ğ’‚ğ’šğ‘·ğ’‚ğ’ ğ’‚ğ’„ğ’„ğ’†ğ’‘ğ’•ğ’†ğ’…!       
WhatsApp : +44 7520 643 616",HwExpert,1317749693376507904,False,HOMEWORK Â° ASSIGNMENT Â°ESSAYS Â°ECONOMIC EXAMS HELP,"{'followers_count': 506, 'following_count': 551, 'tweet_count': 57004, 'listed_count': 1}",2020-10-18T08:50:17.000Z
13,2022-03-09T09:39:52.000Z,44610616,"{'retweet_count': 0, 'reply_count': 0, 'like_count': 0, 'quote_count': 0}","So I want to make a t-shirt in support of UCLA's gymnasts at the Pac-12 Championship, but I don't know if I have the stamina to go to both sessions so I want to also show my Ute fandom. This is a (very) rough first draft of the shirt I'm making. #NCAAGym https://t.co/EuoOCyN4FW",1501492957081268224,,,I tweet for myself. Amusing you is just an added bonus. || Utah Man | Insomniac | Awkward | Pedantic know-it-all | Stat nerd | Mediocre gamer | she/her,Fibby1123,44610616,False,Brittany G,"{'followers_count': 1639, 'following_count': 2056, 'tweet_count': 199274, 'listed_count': 57}",2009-06-04T13:06:56.000Z
14,2022-03-09T09:38:13.000Z,3241055555,"{'retweet_count': 0, 'reply_count': 0, 'like_count': 0, 'quote_count': 0}","Get onlineclass homework, assignment and exam expert writers help with 
#Coursework 
#Aleks
#cengage
#pearson
#blackboard 
#canvas
#Exams
#quizzes 
#TXST #ncat #uncg #nccu #HBCU #UCI #UNG #UCLA #UMES #uncp #ucd #ucm
#USA #Canada #Australia #UK #Kuwait #malaysia #texas #California",1501492545267900419,,,"EMAIL: ozeroplagiarism@gmail.com.             
     WhatsApp : +44 7520 643 616                            
   ğ‘·ğ’‚ğ’šğ‘·ğ’‚ğ’ ğ’‚ğ’„ğ’„ğ’†ğ’‘ğ’•ğ’†ğ’…!",ZeroPlagiarism,3241055555,False,ASSIGNMENT HELP || ESSAYS || HOMEWORK || EXAM HELP,"{'followers_count': 564, 'following_count': 875, 'tweet_count': 67228, 'listed_count': 1}",2015-05-07T21:07:12.000Z
15,2022-03-09T09:18:48.000Z,3241055555,"{'retweet_count': 0, 'reply_count': 0, 'like_count': 0, 'quote_count': 0}","Get expert writers help with
#Essays
#Economics
#Finance
#Accounting
#Exams
#midterms
#quizes #Tests
#Onlineclasses 
#Homework
#Assignment
#SUMMERCLASSES

#NCAT #WSSU #NCCU #TxSU #PVAMU #FAMU #GramFam #UCLA #GSU #ALCORN #HBCU 
#USA #UK #Canada #Australia 
#Newzealand #UAE
Experts",1501487656596815872,,,"EMAIL: ozeroplagiarism@gmail.com.             
     WhatsApp : +44 7520 643 616                            
   ğ‘·ğ’‚ğ’šğ‘·ğ’‚ğ’ ğ’‚ğ’„ğ’„ğ’†ğ’‘ğ’•ğ’†ğ’…!",ZeroPlagiarism,3241055555,False,ASSIGNMENT HELP || ESSAYS || HOMEWORK || EXAM HELP,"{'followers_count': 564, 'following_count': 875, 'tweet_count': 67228, 'listed_count': 1}",2015-05-07T21:07:12.000Z
16,2022-03-09T09:16:38.000Z,3241055555,"{'retweet_count': 0, 'reply_count': 0, 'like_count': 0, 'quote_count': 0}","Get expert writers help with

#NCAT #WSSU #NCCU #TxSU #PVAMU #FAMU #GramFam #UCLA #GSU #ALCORN #HBCU
#Essay pay
#Case study
#History
#Homework 
#Philosophy 
#Assignmentdue
#Statistic
#maths
#chemistry 
#OnlineClass
#summerclass
#Course work
#Essay due
#USA #UK #Australia #Canada.",1501487110863347718,,,"EMAIL: ozeroplagiarism@gmail.com.             
     WhatsApp : +44 7520 643 616                            
   ğ‘·ğ’‚ğ’šğ‘·ğ’‚ğ’ ğ’‚ğ’„ğ’„ğ’†ğ’‘ğ’•ğ’†ğ’…!",ZeroPlagiarism,3241055555,False,ASSIGNMENT HELP || ESSAYS || HOMEWORK || EXAM HELP,"{'followers_count': 564, 'following_count': 875, 'tweet_count': 67228, 'listed_count': 1}",2015-05-07T21:07:12.000Z
17,2022-03-09T09:15:50.000Z,3241055555,"{'retweet_count': 0, 'reply_count': 0, 'like_count': 0, 'quote_count': 0}","Get expert writers help with

#NCAT #WSSU #NCCU #TxSU #PVAMU #FAMU #GramFam #UCLA #GSU #ALCORN #HBCU 
#Essay pay
#Case study
#History
#Homework 
#Philosophy 
#Assignmentdue
#Statistic
#maths
#chemistry 
#OnlineClass
#summerclass
#Course work
#Essay due
#USA #UK #Australia #Canada",1501486908924440582,,,"EMAIL: ozeroplagiarism@gmail.com.             
     WhatsApp : +44 7520 643 616                            
   ğ‘·ğ’‚ğ’šğ‘·ğ’‚ğ’ ğ’‚ğ’„ğ’„ğ’†ğ’‘ğ’•ğ’†ğ’…!",ZeroPlagiarism,3241055555,False,ASSIGNMENT HELP || ESSAYS || HOMEWORK || EXAM HELP,"{'followers_count': 564, 'following_count': 875, 'tweet_count': 67228, 'listed_count': 1}",2015-05-07T21:07:12.000Z
18,2022-03-09T09:13:37.000Z,3241055555,"{'retweet_count': 0, 'reply_count': 0, 'like_count': 0, 'quote_count': 0}","Get online class homework, assignment and exam expert writers help with

#Math #economics

#KSU #WSU #FSU  #FIU #UCF  #GSU #BGSU #UCI #UCLA #WSSU #TxSU #HBCUs #FAMU  #TAMUK #NSU #XULA #UNT #UTA #AMU #PVAMU #FVSU #PSU #PTS #APSU #GCU #ncat #GramFam24
#USA #Canada #Australia #UK",1501486352071905280,,,"EMAIL: ozeroplagiarism@gmail.com.             
     WhatsApp : +44 7520 643 616                            
   ğ‘·ğ’‚ğ’šğ‘·ğ’‚ğ’ ğ’‚ğ’„ğ’„ğ’†ğ’‘ğ’•ğ’†ğ’…!",ZeroPlagiarism,3241055555,False,ASSIGNMENT HELP || ESSAYS || HOMEWORK || EXAM HELP,"{'followers_count': 564, 'following_count': 875, 'tweet_count': 67228, 'listed_count': 1}",2015-05-07T21:07:12.000Z
19,2022-03-09T06:41:05.000Z,3241055555,"{'retweet_count': 0, 'reply_count': 0, 'like_count': 1, 'quote_count': 0}","Get online expert writers help with
#assignment 
#homework 
#essay
#research
#thesis
#dissertation #Course #Help #paper #pay #assignments #termpaper #essay #papers #online #class #nursing #thesis #research #paperhelp #collegepaper
#USA #Canada #Australia #UK
#UCLA #USC #ASU #CSU2",1501447968678940672,,,"EMAIL: ozeroplagiarism@gmail.com.             
     WhatsApp : +44 7520 643 616                            
   ğ‘·ğ’‚ğ’šğ‘·ğ’‚ğ’ ğ’‚ğ’„ğ’„ğ’†ğ’‘ğ’•ğ’†ğ’…!",ZeroPlagiarism,3241055555,False,ASSIGNMENT HELP || ESSAYS || HOMEWORK || EXAM HELP,"{'followers_count': 564, 'following_count': 875, 'tweet_count': 67228, 'listed_count': 1}",2015-05-07T21:07:12.000Z
20,2022-03-09T09:37:32.000Z,1376746161432748032,"{'retweet_count': 0, 'reply_count': 0, 'like_count': 0, 'quote_count': 0}","https://t.co/JJEu6vDjc9 Ex-UCLA lecturer facing charges for threat-laced video, â€˜manifestoâ€™ https://t.co/gg4HqCyxnJ",1501492373028630529,,,,lekulpp,1376746161432748032,False,lekulpp,"{'followers_count': 10, 'following_count': 3, 'tweet_count': 23642, 'listed_count': 0}",2021-03-30T04:00:44.000Z
21,2022-03-09T09:26:54.000Z,1006932251848859649,"{'retweet_count': 0, 'reply_count': 0, 'like_count': 0, 'quote_count': 0}",The only useful thing Iâ€™ve learned at ucla so far https://t.co/8deeRVip3o,1501489694919454726,,,it be like that,syeddaaa,1006932251848859649,False,Sy,"{'followers_count': 245, 'following_count': 171, 'tweet_count': 2983, 'listed_count': 0}",2018-06-13T16:12:11.000Z
22,2022-03-09T09:21:41.000Z,49404200,"{'retweet_count': 0, 'reply_count': 0, 'like_count': 0, 'quote_count': 0}",RenÃ©e Zellweger Says She Went To UCLA After Dropping Out Of The Spotlight https://t.co/JruaN6uhFx,1501488384874893312,,,"American Consultants Rx is focused on helping the nations uninsured deal with the high cost of prescription drugs. -Charity,non profit,health care",medicinehelp,49404200,False,Charles Myrick -CEO,"{'followers_count': 1373, 'following_count': 1868, 'tweet_count': 1756546, 'listed_count': 54}",2009-06-21T19:35:30.000Z
23,2022-03-09T08:55:29.000Z,49404200,"{'retweet_count': 0, 'reply_count': 0, 'like_count': 0, 'quote_count': 0}",RenÃ©e Zellweger Says She Went To UCLA After Dropping Out Of TheÂ Spotlight https://t.co/4RxUSDhlW0,1501481788786417667,,,"American Consultants Rx is focused on helping the nations uninsured deal with the high cost of prescription drugs. -Charity,non profit,health care",medicinehelp,49404200,False,Charles Myrick -CEO,"{'followers_count': 1373, 'following_count': 1868, 'tweet_count': 1756546, 'listed_count': 54}",2009-06-21T19:35:30.000Z
24,2022-03-09T08:46:19.000Z,49404200,"{'retweet_count': 0, 'reply_count': 0, 'like_count': 0, 'quote_count': 0}",RenÃ©e Zellweger Says She Went To UCLA After Dropping Out Of TheÂ Spotlight https://t.co/Hq6LdtMybW,1501479484456800258,,,"American Consultants Rx is focused on helping the nations uninsured deal with the high cost of prescription drugs. -Charity,non profit,health care",medicinehelp,49404200,False,Charles Myrick -CEO,"{'followers_count': 1373, 'following_count': 1868, 'tweet_count': 1756546, 'listed_count': 54}",2009-06-21T19:35:30.000Z
25,2022-03-09T07:58:30.000Z,49404200,"{'retweet_count': 0, 'reply_count': 1, 'like_count': 1, 'quote_count': 0}",RenÃ©e Zellweger Says She Went To UCLA After Dropping Out Of TheÂ Spotlight https://t.co/rVNljdk2DB,1501467449727885317,,,"American Consultants Rx is focused on helping the nations uninsured deal with the high cost of prescription drugs. -Charity,non profit,health care",medicinehelp,49404200,False,Charles Myrick -CEO,"{'followers_count': 1373, 'following_count': 1868, 'tweet_count': 1756546, 'listed_count': 54}",2009-06-21T19:35:30.000Z
26,2022-03-09T07:51:00.000Z,49404200,"{'retweet_count': 0, 'reply_count': 0, 'like_count': 0, 'quote_count': 0}",RenÃ©e Zellweger Says She Went To UCLA After Dropping Out Of TheÂ Spotlight https://t.co/Km44mshY1T,1501465563469692936,,,"American Consultants Rx is focused on helping the nations uninsured deal with the high cost of prescription drugs. -Charity,non profit,health care",medicinehelp,49404200,False,Charles Myrick -CEO,"{'followers_count': 1373, 'following_count': 1868, 'tweet_count': 1756546, 'listed_count': 54}",2009-06-21T19:35:30.000Z
27,2022-03-09T07:34:47.000Z,49404200,"{'retweet_count': 0, 'reply_count': 0, 'like_count': 0, 'quote_count': 0}",RenÃ©e Zellweger Says She Went To UCLA After Dropping Out Of TheÂ Spotlight https://t.co/OKkSFp9wb7,1501461482130722817,,,"American Consultants Rx is focused on helping the nations uninsured deal with the high cost of prescription drugs. -Charity,non profit,health care",medicinehelp,49404200,False,Charles Myrick -CEO,"{'followers_count': 1373, 'following_count': 1868, 'tweet_count': 1756546, 'listed_count': 54}",2009-06-21T19:35:30.000Z
28,2022-03-09T06:09:40.000Z,49404200,"{'retweet_count': 0, 'reply_count': 0, 'like_count': 0, 'quote_count': 0}",RenÃ©e Zellweger Says She Went To UCLA After Dropping Out Of TheÂ Spotlight https://t.co/CUODNcRNne,1501440059706384386,,,"American Consultants Rx is focused on helping the nations uninsured deal with the high cost of prescription drugs. -Charity,non profit,health care",medicinehelp,49404200,False,Charles Myrick -CEO,"{'followers_count': 1373, 'following_count': 1868, 'tweet_count': 1756546, 'listed_count': 54}",2009-06-21T19:35:30.000Z
29,2022-03-09T09:18:58.000Z,717029192857161728,"{'retweet_count': 0, 'reply_count': 0, 'like_count': 0, 'quote_count': 0}","@monoveebee https://t.co/Gh3MAcKkVa

Hereâ€™s a interesting article/study about it in case anyone wants to dig deeper into the topic! ğŸŒ",1501487699122921473,"[{'type': 'replied_to', 'id': '1501364618467450886'}]",,20 y/o. English & Politics Student. he/him Let's work together for equality and a kinder world. (disclaimer: I do post private stuff as well!),queerloverdan,717029192857161728,False,Dan,"{'followers_count': 326, 'following_count': 109, 'tweet_count': 2300, 'listed_count': 5}",2016-04-04T16:40:56.000Z
30,2022-03-09T09:14:16.000Z,1404100158221176836,"{'retweet_count': 1, 'reply_count': 0, 'like_count': 0, 'quote_count': 0}","#GramFam #HBCU #ASUTwitter #TXSU #PVAMU #TAMU #FAMU #AAMU #NCAT #UCLA #FSU #WSU #PennState #FIU #NYU #UofT #UofG #ASU #USC   #AcademicChatter 

Kindly DM @OliverExams

University Exams Assignment
#Essay #essaypay #Essaydue #essayhelp #Essays #essaywrite #ESS #college #HBCU https://t.co/qYq9ckivzQ",1501486518245941248,,,"DM 24/7

#ESSAYPAY #EXAMS #ASSIGNMENTSDUE #ONLINECLASSES
#HOMEWORKHELP

#Blackboard #Canvas #Pearson
PayPal Accepted.

EMAIL: justmicheljohnsone14262@gmail.com",OliverExams,1404100158221176836,False,OLIVER ASSIGNMENTS//ESSAYS//ONLINE CLASSES//EXAMS,"{'followers_count': 1143, 'following_count': 2079, 'tweet_count': 4321, 'listed_count': 1}",2021-06-13T15:36:04.000Z
31,2022-03-09T09:09:14.000Z,3149729430,"{'retweet_count': 0, 'reply_count': 0, 'like_count': 0, 'quote_count': 0}","UCLA Anderson Forecast: Ukraine war adds new risks to U.S., California economies
https://t.co/IoWnSnjHMm",1501485248818909184,,,"It might sound like a mirage in the Australian media landscape, but https://t.co/Bqte5nekNL is a non-Murdoch, non-aligned, independent, real-time media platform",MirageNewsCom,3149729430,False,Mirage News,"{'followers_count': 686, 'following_count': 16, 'tweet_count': 422450, 'listed_count': 52}",2015-04-11T13:00:06.000Z
32,2022-03-09T09:02:40.000Z,1241436485225775106,"{'retweet_count': 0, 'reply_count': 0, 'like_count': 0, 'quote_count': 0}","Don't be stressed by  due assignments! I'm an expert, I got you covered! #Exams #ECSU #famu #GramFam #campus #ucla #lsu25 #bcu  #xula24 #GSU #Tamu #assignments #paysomeone #onlineclasses #PSU #usu #collegebaseball #collegefootball #collegebasketball https://t.co/EYtglmRfIJ",1501483597320097794,,,"She/Her ğŸŒ¸ğŸŒ¸ğŸŒ¸
Henny in a teacupğŸ‘‘

Here to take care of all your academic needs
Tests,quizzes, essays, online classes and all assignments!
DM NOW!",CeCeTheWriter01,1241436485225775106,False,CeCeğŸ’ğŸ’,"{'followers_count': 1817, 'following_count': 4651, 'tweet_count': 3559, 'listed_count': 0}",2020-03-21T18:48:29.000Z
33,2022-03-09T09:02:33.000Z,1147273485435248642,"{'retweet_count': 0, 'reply_count': 0, 'like_count': 0, 'quote_count': 0}",UCLA Football Extends Offer to In-State Running Back Recruit TyboÂ Rogers https://t.co/X7ZemuYrKq,1501483567301468161,,,https://t.co/RscdFhotLw,GameDayBlog1,1147273485435248642,False,GameDayBlog Powered by SportsBook-Live.com,"{'followers_count': 1309, 'following_count': 4159, 'tweet_count': 325489, 'listed_count': 1}",2019-07-05T22:38:09.000Z
34,2022-03-09T09:00:12.000Z,1494726562574487555,"{'retweet_count': 0, 'reply_count': 0, 'like_count': 0, 'quote_count': 0}",Im going with ucla and Kentucky for March madness,1501482978681229316,,,"Work ethic, values and highintensitylioprotein. Staying focused on vigilant things.  Fitness , health, nutrition , weather. Going to nice places and traveling",Evering1Kenneth,1494726562574487555,False,Kenneth Everingham,"{'followers_count': 1, 'following_count': 55, 'tweet_count': 56, 'listed_count': 1}",2022-02-18T17:32:58.000Z
35,2022-03-09T08:58:51.000Z,1046750062083284993,"{'retweet_count': 1, 'reply_count': 0, 'like_count': 2, 'quote_count': 0}","For tomorrow's Big Quantum Bio Meeting we are joined by Sara H. Sohail from National Institutes of Health (US) (further information in poster); Thursday Mar 10, 3pm London/7am PST 

Organized by ourselves (@UniOfSurrey's @QB_DTC) and @QuBiT_UCLA https://t.co/haLZxHhZVy",1501482638774779906,,,Doctoral Training Centre for Quantum Biology at @UniOfSurrey. Directed by @jimalkhalili and @johnjoemcfadden.,QB_DTC,1046750062083284993,False,Quantum Biology DTC,"{'followers_count': 1298, 'following_count': 138, 'tweet_count': 269, 'listed_count': 7}",2018-10-01T13:13:57.000Z
36,2022-03-09T08:57:33.000Z,840662123466313728,"{'retweet_count': 0, 'reply_count': 0, 'like_count': 0, 'quote_count': 0}","JonRothstein: Buy Stock Now. 

Pac-12 Tournament Odds.

Arizona (-135)
UCLA (+270)
USC (+600)
Oregon (+1200)
Washington State (+3000)
Colorado (+4500)
Arizona State (+9000)
Stanford (+10000)
Utah (+15000)
Oregon State (+50000)
Washington (+50000)
Cal (+50000)

Via @FDSportsbook.",1501482311577214976,,,#jujuonthebeat,heelthedan,840662123466313728,False,Dan F,"{'followers_count': 20, 'following_count': 2, 'tweet_count': 93291, 'listed_count': 0}",2017-03-11T20:34:03.000Z
37,2022-03-09T08:51:07.000Z,830486054125834244,"{'retweet_count': 0, 'reply_count': 1, 'like_count': 0, 'quote_count': 0}","@JoeyTheRedKRoo1 @lindsaycrouse Do you know what allegedly means?

And then this gem:

â€œOne UCLA source stressed that the school can't know for sure everything that Trump and Kelly did behind the scenes, so the school felt a thank you was in order.â€",1501480690470244353,"[{'type': 'replied_to', 'id': '1501471296806436864'}]",,OU Alum. Cowboys Stars Rangers. Mountains over beach,RogerThomas1288,830486054125834244,False,Roger the Dodger,"{'followers_count': 326, 'following_count': 1369, 'tweet_count': 45383, 'listed_count': 3}",2017-02-11T18:37:59.000Z
38,2022-03-09T08:50:17.000Z,15410334,"{'retweet_count': 0, 'reply_count': 0, 'like_count': 0, 'quote_count': 0}",Setting up - Hawaii vs UCLA https://t.co/L6pADtgu48,1501480481820319746,"[{'type': 'replied_to', 'id': '1501465947130843138'}]",{'place_id': '392fd39267548e81'},"Founder of Kocosports, Combat TV, ACW & many small businesses. Novelist - https://t.co/spGLoM5mcK Retro gamer and #NHL22 Twitch streamer. Tweets about sports.",kocosports,15410334,False,"KocoSports - Wrestling, MMA, Boxing, NHL, NFL...","{'followers_count': 23648, 'following_count': 21135, 'tweet_count': 94532, 'listed_count': 431}",2008-07-13T01:33:13.000Z
39,2022-03-09T07:52:32.000Z,15410334,"{'retweet_count': 0, 'reply_count': 1, 'like_count': 3, 'quote_count': 0}",OMW to stream - Hawaii vs UCLA ğŸˆ@GoldenStarAlex @ShteveShotgun @BraydenTeeter @CrystalPepsi98 @samboeser @GamerDadJournal @HBK_ILLMATIC @Crash_Andrews @Rittflyers @iwwrocks @Commando_Wraith @TheAliica @DonyellFreak @hockiwi1 @Messi05366435 @wowjr2323 @juniorbroncos @DSpecta16 https://t.co/bOZRlfj1Ub,1501465947130843138,,{'place_id': '44bd8dbe9ffe1625'},"Founder of Kocosports, Combat TV, ACW & many small businesses. Novelist - https://t.co/spGLoM5mcK Retro gamer and #NHL22 Twitch streamer. Tweets about sports.",kocosports,15410334,False,"KocoSports - Wrestling, MMA, Boxing, NHL, NFL...","{'followers_count': 23648, 'following_count': 21135, 'tweet_count': 94532, 'listed_count': 431}",2008-07-13T01:33:13.000Z
40,2022-03-09T08:48:32.000Z,620480887,"{'retweet_count': 0, 'reply_count': 0, 'like_count': 0, 'quote_count': 0}",UCLA Bruins Coach Brands Kobe Bryant as â€œGreatest Workerâ€ in NBA History Over Michael Jordan and LeBron James - EssentiallySports https://t.co/e6mnpwnqVM,1501480041703559168,,,Tweeting about top fantasy Kobe Bryant stories.,KobeBryantNews1,620480887,False,Kobe Bryant News,"{'followers_count': 5804, 'following_count': 6391, 'tweet_count': 19187, 'listed_count': 15}",2012-06-28T00:32:15.000Z
41,2022-03-09T08:44:52.000Z,2379942630,"{'retweet_count': 0, 'reply_count': 0, 'like_count': 0, 'quote_count': 0}",@_xiang_chen_ Miss UCLA so much!,1501479119367950338,"[{'type': 'replied_to', 'id': '1501296376507813889'}]",,"PhD student at University of StuttgartğŸ°, drummerğŸ¥, frontend freelancerğŸ’». Research interest: CV/HCI @perceptualui @VIS_VISUS @Uni_Stuttgart",Marc19950630,2379942630,False,Yao (Marc) Wang,"{'followers_count': 12, 'following_count': 147, 'tweet_count': 31, 'listed_count': 0}",2014-03-09T06:09:29.000Z
42,2022-03-09T08:34:21.000Z,1358739291568885764,"{'retweet_count': 0, 'reply_count': 1, 'like_count': 0, 'quote_count': 0}","@gascon_now @brahbrah1111 @LADAOffice @GeorgeGascon U mean, hard right data, from a pro law enforcement foundation? So u just dismiss studies from Stanford law , UCLA, the bar association, and other reputable organizations? Wow! I can understand the anger victims families go thru. And why. But u seem a bit biased.",1501476472015699972,"[{'type': 'replied_to', 'id': '1501445167596797957'}]",,deep thinker. supporter of reform,JesseJe99650584,1358739291568885764,False,Aboutime,"{'followers_count': 30, 'following_count': 68, 'tweet_count': 3762, 'listed_count': 1}",2021-02-08T11:27:59.000Z
43,2022-03-09T08:19:14.000Z,3245425031,"{'retweet_count': 0, 'reply_count': 0, 'like_count': 0, 'quote_count': 0}",@UCLA_NYC @Kasparov63 They'll get the planes.,1501472666611589121,"[{'type': 'replied_to', 'id': '1501376129592143872'}]",,Imaginary mechanic. Music and Sound illusioneerist. Electronic stuffnik.,carterbrianl,3245425031,False,ğŸ‡ºğŸ‡¸ğŸ‡ºğŸ‡¦ Brian Carter ğŸ‡ºğŸ‡¦ğŸ‡ºğŸ‡¸,"{'followers_count': 206, 'following_count': 1149, 'tweet_count': 14507, 'listed_count': 1}",2015-05-10T21:33:00.000Z
44,2022-03-09T08:13:47.000Z,712837703960760320,"{'retweet_count': 0, 'reply_count': 1, 'like_count': 0, 'quote_count': 0}","@RogerThomas1288 @lindsaycrouse Trump lied about that.

https://t.co/KJqUT1pZve",1501471296806436864,"[{'type': 'replied_to', 'id': '1501405982269841409'}]",,"My voice is my own.  Behind the Roo, is a African American man. I  work with the unhoused.  And I have a LD that impacts my writing (Sorry)   ğŸ¦˜",JoeyTheRedKRoo1,712837703960760320,False,JoeyTheRedKangarooğŸ¦˜,"{'followers_count': 386, 'following_count': 546, 'tweet_count': 30419, 'listed_count': 2}",2016-03-24T03:05:27.000Z
45,2022-03-09T08:07:53.000Z,1531917660,"{'retweet_count': 0, 'reply_count': 0, 'like_count': 0, 'quote_count': 0}","Check out my game wrap for UCLA baseball's 5-4 victory over Cal State Fullerton.

Quotes from players Michael Curialle and Kenny Oyama, as well as coach John Savage within the article. https://t.co/DWt1UykBA1",1501469811938758658,"[{'type': 'quoted', 'id': '1501468224432476163'}]",,"Actor, Contributing Writer for @SI_AllBruins on @FanNation, Sports Editor at @ValleyStarNews, He/Him | LAVC â€˜21",thebenroyer,1531917660,True,Benjamin Royer,"{'followers_count': 6109, 'following_count': 1465, 'tweet_count': 19794, 'listed_count': 21}",2013-06-19T20:38:29.000Z
46,2022-03-09T07:56:54.000Z,1531917660,"{'retweet_count': 1, 'reply_count': 0, 'like_count': 1, 'quote_count': 0}","UCLA baseball coach John Savage provided injury updates for Jump and the Karros brothers Tuesday night.

LHP Gage Jump

""Won't be available this weekend. We're looking to throw a couple bullpens next weekend. Looking for him to possibly throw an inning against LMU on the 22nd.""",1501467047418478595,,,"Actor, Contributing Writer for @SI_AllBruins on @FanNation, Sports Editor at @ValleyStarNews, He/Him | LAVC â€˜21",thebenroyer,1531917660,True,Benjamin Royer,"{'followers_count': 6109, 'following_count': 1465, 'tweet_count': 19794, 'listed_count': 21}",2013-06-19T20:38:29.000Z
47,2022-03-09T05:56:43.000Z,1531917660,"{'retweet_count': 0, 'reply_count': 0, 'like_count': 2, 'quote_count': 0}","T9/GAME OVER - Flanagan gets a 1-2-3 ninth and earns the victory for UCLA baseball â€” the ninth of the season.

Story to come.",1501436801457659909,,{'place_id': '3b77caf94bfc81fe'},"Actor, Contributing Writer for @SI_AllBruins on @FanNation, Sports Editor at @ValleyStarNews, He/Him | LAVC â€˜21",thebenroyer,1531917660,True,Benjamin Royer,"{'followers_count': 6109, 'following_count': 1465, 'tweet_count': 19794, 'listed_count': 21}",2013-06-19T20:38:29.000Z
48,2022-03-09T08:05:35.000Z,1075284885609181184,"{'retweet_count': 0, 'reply_count': 0, 'like_count': 0, 'quote_count': 0}","runner ups: Alt DJs, LA men, Seattle men, NYC men, fashion majors, ermmmm vintage resellers, film bros, UCLA students (everyone there), car dudes, Twitch streamers, guys who own raf, number nine, undercover, etc oh the list goes on",1501469233070292992,"[{'type': 'replied_to', 'id': '1501467933838512129'}]",,i want to do it all,BoilerRoomCameo,1075284885609181184,False,Si+Si,"{'followers_count': 187, 'following_count': 524, 'tweet_count': 7831, 'listed_count': 0}",2018-12-19T07:01:09.000Z
49,2022-03-09T08:01:35.000Z,1417583079863033859,"{'retweet_count': 2, 'reply_count': 0, 'like_count': 2, 'quote_count': 1}","A clutch at-bat late helped @UCLABaseball stave off a comeback from CSU Fullerton and secure the win Tuesday night.

https://t.co/OkKbDwxAvF",1501468224432476163,,,"Fan Nation and Sports Illustrated's home for all things UCLA football, men's basketball, women's basketball and more â€¢ Publisher/Managing Editor @SamConnon",SI_AllBruins,1417583079863033859,False,All Bruins on Sports Illustrated,"{'followers_count': 1187, 'following_count': 240, 'tweet_count': 1466, 'listed_count': 16}",2021-07-20T20:32:13.000Z
50,2022-03-09T08:00:57.000Z,35733687,"{'retweet_count': 0, 'reply_count': 0, 'like_count': 1, 'quote_count': 0}","Kenny Oyama may be small, but he's mighty! https://t.co/TX1eqeGdum",1501468065757900803,,,"Est. 2009, BroBible is a lifestyle publisher and content collective focused on sports news, culture news, and gear. Every Bro loves a story.",BroBible,35733687,True,BroBible,"{'followers_count': 139661, 'following_count': 2091, 'tweet_count': 302260, 'listed_count': 1068}",2009-04-27T12:54:27.000Z
51,2022-03-09T07:56:40.000Z,1481934840911962114,"{'retweet_count': 0, 'reply_count': 0, 'like_count': 0, 'quote_count': 0}","@MagicJohnson @russwest44 Russ doesnâ€™t deserve the hate, his family especially doesnâ€™t but Lakers fans expect nothing less than Kobe or they ridicule. Westbrook is a great player, a former UCLA Bruin and a man that simply doesnâ€™t want his family being the aim of peoples criticism, ridicule or threats.",1501466986198437889,"[{'type': 'replied_to', 'id': '1501262332709724171'}]",,"Live humbly, impact greatly, joke often | NF fans always welcome cuz weâ€™re family",slave2son2heir,1481934840911962114,False,Caoimhin,"{'followers_count': 2, 'following_count': 118, 'tweet_count': 109, 'listed_count': 1}",2022-01-14T10:23:35.000Z
52,2022-03-09T07:55:21.000Z,37989931,"{'retweet_count': 0, 'reply_count': 0, 'like_count': 0, 'quote_count': 0}",@UCLA My daughter inspires me  @Asani  a @UCLA Grad,1501466655276285960,"[{'type': 'replied_to', 'id': '1501280593983668226'}]",,"MSChoctaw Marksville Louisiana & Pearl River MS, NA/Blk WorldHistory/Hard Science,, Powwows, couture sewing, IR/IT Major/Minor ğŸ¶ ğŸ€-Warriors Formula1-TeamLH",ChahtaMs,37989931,False,ChahtaMiss,"{'followers_count': 858, 'following_count': 559, 'tweet_count': 733, 'listed_count': 3}",2009-05-05T18:52:02.000Z
53,2022-03-09T07:44:07.000Z,1460149263728398342,"{'retweet_count': 0, 'reply_count': 0, 'like_count': 0, 'quote_count': 0}","If I can make it to UCLA or USC or to NORTHEASTERN, I believe I can with God's help guide them to use something like this to help cure all brain related ""disease""...all of them, and help all people live longer.  Isn't that worth a try? ğŸ¥°ğŸ™ğŸ’ªhttps://t.co/EACmxQSshU",1501463830831910912,,,Practitioner of Empathic Medicine October 2022.  Ordained Martial Arts Master. Defender of Jesus Christ. Empathic Support 907-822-5375 24/7 Life Coaching,TheWoodSnake,1460149263728398342,False,Mr. Michel White - Intuitive Empath - Mystic,"{'followers_count': 63, 'following_count': 471, 'tweet_count': 518, 'listed_count': 0}",2021-11-15T07:35:23.000Z
54,2022-03-09T07:20:53.000Z,1460149263728398342,"{'retweet_count': 0, 'reply_count': 0, 'like_count': 0, 'quote_count': 0}","For the love of Christ! Please anyone who is a Christian, Help me reach either UCLA or an empathic medical doctor on the west coast or the equivalent in Boston where I grew up. Judith Hall or any male empathic doctor there.  I can help humanity in an incredible way! Plz! callğŸ™ğŸ¥°",1501457984043421698,,,Practitioner of Empathic Medicine October 2022.  Ordained Martial Arts Master. Defender of Jesus Christ. Empathic Support 907-822-5375 24/7 Life Coaching,TheWoodSnake,1460149263728398342,False,Mr. Michel White - Intuitive Empath - Mystic,"{'followers_count': 63, 'following_count': 471, 'tweet_count': 518, 'listed_count': 0}",2021-11-15T07:35:23.000Z
55,2022-03-09T07:43:54.000Z,1476410244091711488,"{'retweet_count': 0, 'reply_count': 1, 'like_count': 0, 'quote_count': 0}",@Sturdypilled @PunishedWoodNat @EvanPlatinum I don't think UCLA even has that lmao,1501463776716939270,"[{'type': 'replied_to', 'id': '1501462839403368448'}]",,Not a registered Republican. Smegma male. Once smoked rock cocaine with Alex Lee Moyer. #ItWasHerCrack #CreampieOrDie #ItWasHerPipeToo #MotorcycleNationalism,BosozokuTerKen,1476410244091711488,False,Kawasuzuki,"{'followers_count': 1121, 'following_count': 1619, 'tweet_count': 9625, 'listed_count': 6}",2021-12-30T05:03:54.000Z
56,2022-03-09T07:39:59.000Z,270475924,"{'retweet_count': 0, 'reply_count': 0, 'like_count': 0, 'quote_count': 0}","@OlufemiOTaiwo @Mrjjrocks If you remember John Carriero at UCLA, he took basic improv classes to improve his undergrad teaching - he knew he was ""dry."" I found that pretty admirable.",1501462788442624004,"[{'type': 'replied_to', 'id': '1501229397160128513'}]",,"I write the songs of love and special things.  I can change this field, right?",humanfranklin,270475924,False,Franklin Bruno,"{'followers_count': 1497, 'following_count': 208, 'tweet_count': 8482, 'listed_count': 21}",2011-03-22T17:54:38.000Z
57,2022-03-09T07:27:44.000Z,1260837951430254593,"{'retweet_count': 0, 'reply_count': 0, 'like_count': 0, 'quote_count': 0}","@FreddieGibbs In 2017, 3 UCLA basketball players (LiAngelo Ball, Jalen Hill, Cody Riley) were caught shoplifting in China and faced 10 years in jail. President Trump intervened and got them released. What is Slow Joe doing for Brittney? Trump would have had Brittney home by now!",1501459708397252609,"[{'type': 'replied_to', 'id': '1501377712434266114'}]",,,BenSmit92319622,1260837951430254593,False,Ben Smith,"{'followers_count': 1, 'following_count': 25, 'tweet_count': 1453, 'listed_count': 1}",2020-05-14T07:46:51.000Z
58,2022-03-09T07:27:07.000Z,1123783467626651649,"{'retweet_count': 0, 'reply_count': 0, 'like_count': 0, 'quote_count': 0}","Looking back at my preseason rankings (â˜‘ï¸ = within one; âŒ = off; âœ…= spot on)

1. UCLA - â˜‘ï¸
2. Oregon - âŒ
3. USC - âœ…
4. Arizona - âŒ
5. Colorado - â˜‘ï¸
6. Washington St - â˜‘ï¸
7. Oregon State - âŒ
8. Stanford - â˜‘ï¸
9. Arizona State - â˜‘ï¸
10. Washington - âŒ
11. Cal- â˜‘ï¸
12. Utah - â˜‘ï¸",1501459553417719812,,,Assistant Editor & Senior Writer for @SportsPac12,DaneMiller_SP12,1123783467626651649,False,Dane Miller,"{'followers_count': 275, 'following_count': 171, 'tweet_count': 2272, 'listed_count': 2}",2019-05-02T02:57:12.000Z
59,2022-03-09T07:26:16.000Z,879496394691805184,"{'retweet_count': 0, 'reply_count': 0, 'like_count': 0, 'quote_count': 0}",HIST 100 UCLA Hero in the Greek Culture Western CivilizationÂ Essay https://t.co/hMabNRcJ6L,1501459337889341443,,,I AM The Documentary,EssayPaperUK,879496394691805184,False,EssayPaperUK.com,"{'followers_count': 744, 'following_count': 2547, 'tweet_count': 97133, 'listed_count': 0}",2017-06-27T00:27:35.000Z
60,2022-03-09T07:20:15.000Z,1389587663490068483,"{'retweet_count': 0, 'reply_count': 0, 'like_count': 0, 'quote_count': 0}",Ketelyn Ohashi UCLA Athletics. Track - Silent Cricle - Touch in The Night ğŸ˜®https://t.co/YMUIFyqIgO via @YouTube,1501457822013341697,,,Der Pfad der Gerechten ist zu beiden Seiten gesÃ¤umt mit Freveleien der SelbstsÃ¼chtigen und der Tyrannei bÃ¶ser MÃ¤nner.,Deco2Art,1389587663490068483,False,ArtDeco2,"{'followers_count': 105, 'following_count': 229, 'tweet_count': 3455, 'listed_count': 3}",2021-05-04T14:28:25.000Z
61,2022-03-09T07:18:10.000Z,2476462290,"{'retweet_count': 0, 'reply_count': 0, 'like_count': 0, 'quote_count': 0}","Very excited to host Child OCD expert, Dr Marty Franklin at UCLA tomorrow.  Please register for this timely talk comparing remote vs  in-person intensive treatment for OCD. @UCLASemelFriend @UCLAHealth @SCCAP53 @AnneMarieAlbano @IOCDF https://t.co/fLbzGygQSc",1501457298513825792,"[{'type': 'quoted', 'id': '1501350417870983170'}]",,"Professor and Director of UCLA Center for Child Anxiety Resilience Education and Support. Prevention and treatment of child anxiety, OCD, Tourette's and BFRBs",JPiacentiniPhD,2476462290,False,John Piacentini PhD,"{'followers_count': 1715, 'following_count': 1119, 'tweet_count': 1788, 'listed_count': 17}",2014-05-04T06:16:56.000Z
62,2022-03-09T07:15:24.000Z,1306279549554974720,"{'retweet_count': 0, 'reply_count': 0, 'like_count': 1, 'quote_count': 0}",@JonFendler @haslametrics Already predicted UCLA or USC vs USF first round.  Book it.,1501456604184645635,"[{'type': 'replied_to', 'id': '1501413432398168073'}]",,too much thumb,HLaarger,1306279549554974720,False,HÃ¤ns Laarger,"{'followers_count': 15, 'following_count': 40, 'tweet_count': 353, 'listed_count': 0}",2020-09-16T17:11:44.000Z
63,2022-03-09T07:12:05.000Z,74666561,"{'retweet_count': 0, 'reply_count': 0, 'like_count': 0, 'quote_count': 0}","Johnny Juzang, Isaiah Mobley Earn Bobblehead NIL Deal Ahead of UCLA-USC Rivalry Game https://t.co/TlgCMDElH5 via @SamConnon",1501455767735439362,,,"FreelanceğŸ˜¬ Prep Writer; 2007 McDonaldâ€™s All-American asst. coach West team; former boys basketball ğŸ€ head coach at Valley Torah, Stoneridge Prep and Malibu",pollonpreps,74666561,False,Jack Pollon,"{'followers_count': 9918, 'following_count': 532, 'tweet_count': 62995, 'listed_count': 59}",2009-09-16T06:12:47.000Z
64,2022-03-09T07:08:20.000Z,1711810140,"{'retweet_count': 3, 'reply_count': 0, 'like_count': 2, 'quote_count': 0}","What's Bruin Symposium - UCLA Finally Beats USC in Basketball

Apple Podcasts
https://t.co/vvrPQqJHIZ

Patreon
https://t.co/tTI1mlQ9d6

Podomatic
https://t.co/Co4N8jRzyD https://t.co/D9FVH244yA",1501454825283747841,,,"A #UCLA #Bruins discussion over drinks w/ Bill, @wbjake68, @kingspapa1015 & @MikeRegaladoLA. On @iTunes. Featured on @BruinReport. WBS Hotline: 805-399-4WBS",whatsbruinshow,1711810140,False,What's Bruin Symposium,"{'followers_count': 1516, 'following_count': 698, 'tweet_count': 12998, 'listed_count': 32}",2013-08-30T05:12:48.000Z
65,2022-03-09T07:04:18.000Z,1359743776487575553,"{'retweet_count': 0, 'reply_count': 0, 'like_count': 0, 'quote_count': 0}","Writing Homework Help UCLA Reflection on Microaggressions Essay

Write a reflection to discuss 2-3 https://t.co/WeykgQgwf0",1501453810257969153,,,Dm us if you need any assignments done we are real and legit. We give quality and timely service with no plagiarism,Qualityessayhe1,1359743776487575553,False,Qualityessayheroes,"{'followers_count': 65, 'following_count': 157, 'tweet_count': 98477, 'listed_count': 0}",2021-02-11T05:59:33.000Z
66,2022-03-09T06:57:49.000Z,2711434441,"{'retweet_count': 0, 'reply_count': 0, 'like_count': 0, 'quote_count': 0}","Sources:
Soho: A History of Londonâ€™s Most Colourful Neighborhood, by Judith Summers
https://t.co/NeRXSadQgJ
â€œDoctor John Snow Blames Water Pollution for Cholera Epidemic,â€ by David Vachon
https://t.co/rC1059w1yY
and the book
Empty Planet, by Darrell Bricker and John Ibbitson.",1501452178615332867,"[{'type': 'replied_to', 'id': '1501452176027447298'}]",,"Be yourself, wear a mask, and tax the rich. He/they. Sci-fi revenge thriller writer. Programmed Cell Death out now, Hero-Guy for Hire coming soon.",jonhendricks,2711434441,False,Jonathan Hendricks,"{'followers_count': 533, 'following_count': 1430, 'tweet_count': 845, 'listed_count': 12}",2014-08-06T07:38:29.000Z
67,2022-03-09T06:56:06.000Z,1226390463831138306,"{'retweet_count': 0, 'reply_count': 0, 'like_count': 0, 'quote_count': 0}",RenÃ©e Zellweger Says She Went To UCLA After Dropping Out Of The Spotlight https://t.co/mXdiqrel5k https://t.co/OtDZdl8QUE,1501451747444740097,,,,Shivani77385386,1226390463831138306,False,Shivani,"{'followers_count': 1, 'following_count': 1, 'tweet_count': 2170, 'listed_count': 0}",2020-02-09T06:21:26.000Z
68,2022-03-09T06:53:23.000Z,2707715628,"{'retweet_count': 0, 'reply_count': 1, 'like_count': 1, 'quote_count': 0}",@kaisoapbox wait lmao are you by USC or UCLA,1501451063089528833,"[{'type': 'replied_to', 'id': '1501439912708481024'}]",,in anomie,actuallykenneth,2707715628,False,Pterry vc (22),"{'followers_count': 69, 'following_count': 196, 'tweet_count': 812, 'listed_count': 2}",2014-08-04T23:46:57.000Z
69,2022-03-09T06:49:23.000Z,1428895409452331013,"{'retweet_count': 0, 'reply_count': 0, 'like_count': 0, 'quote_count': 0}",@MikeRegaladoLA We love this entire team. You always say you want to build on success and this UCLA team built on that remarkable run that was ruined by a miracle shot by Suggs. I canâ€™t wait to see the Bruins in the dance. We had them as a team to watch at https://t.co/53pbrbu8OB,1501450056205012993,"[{'type': 'replied_to', 'id': '1501281990493949952'}]",,Confidently the right take on all things sports. Two guys making sure that you are in the know.,IRConfidencePod,1428895409452331013,False,IrrationalConfidencePodcast,"{'followers_count': 2322, 'following_count': 2613, 'tweet_count': 1504, 'listed_count': 5}",2021-08-21T01:43:25.000Z
70,2022-03-09T06:40:51.000Z,1097409554428514304,"{'retweet_count': 0, 'reply_count': 0, 'like_count': 0, 'quote_count': 0}","Tonight in L.A.:

           R   H  E
CSF     4  10  1
UCLA  5  11  3

Game started at 6, ended at nearly 10 p.m. Why? Such a game should take two hours. We should be able to take a school-age kid to a 6 p.m. game, watch the whole thing, and be home by 8:30, not 10:30.

âš¾ï¸",1501447906364047361,,,Tweets about âš¾ï¸baseball and ğŸ¥softball! All original content. Follow for something a little different.,low_and_outside,1097409554428514304,False,Low and outside,"{'followers_count': 1528, 'following_count': 4816, 'tweet_count': 6454, 'listed_count': 5}",2019-02-18T08:16:41.000Z
71,2022-03-09T06:37:29.000Z,62618787,"{'retweet_count': 0, 'reply_count': 0, 'like_count': 1, 'quote_count': 0}",@tarynatlee_ @UWSoftball @CoachTarr I thought you did great!! Great addition and canâ€™t wait for UCLA!,1501447060972658692,"[{'type': 'replied_to', 'id': '1501423889737392128'}]",,LIFE IS FOR OUTSIDE VOICES. Adrift since May 2016 ğŸ’™ğŸ’š - Iâ€™M SPEAKING - #BlackLivesMatter #Seahawks she/her ğŸ³ï¸â€ğŸŒˆ,Hawkgal08,62618787,False,Make it a strength,"{'followers_count': 478, 'following_count': 1057, 'tweet_count': 29641, 'listed_count': 20}",2009-08-03T20:52:45.000Z
72,2022-03-09T06:34:53.000Z,3033477774,"{'retweet_count': 0, 'reply_count': 0, 'like_count': 1, 'quote_count': 0}","@Daoyu15 @KoronaKitaya @BillyBostickson @SharriMarkson @gdemaneuf @jhas5 @FoolsMultiply @aemangus91 @capitolsheila @keverington @lissnup @R_H_Ebright @CharlesRixey @CentristXtreme @zhiyanle @Muller_Lab @Byron_Wan @franciscodeasis @GMWatch @MonaRahalkar @quay_dr @TheSeeker268 @Ayjchan @mattwridley @ianbirrell @Tantalite @joshrogin @AGHuff @samhusseini @NIH @sciencedirect @JVirology @jbloom_lab @JohnsHopkins @SpringerNature @BillGates @gatesfoundation @Nature @georgepavlakis @NCIResearchCtr @DukeU @MIT @WitsUniversity @BU_Tweets @UCLA @MX_UArizona @shendoug Seriously...what is use of overt defensive biological weapons research if all that happens when there is an outbreak of novel disease is AUS &amp; similar nations building capacity are just going to say...Oh well, 
must be hot wet weather?
@SciDiplomacyUSA ? @USNavy ? @CN_Australia ? https://t.co/8WjOWubJVZ",1501446408208982021,"[{'type': 'replied_to', 'id': '1501444342161887236'}]",,"Philosopher therefore narcissist/
Tweets are tone deaf/
Twitter bad blog BAD!
As radically contradictory as all political moderates. Errors are my own.",tommy_cleary,3033477774,False,Tommy Cleary,"{'followers_count': 760, 'following_count': 5001, 'tweet_count': 19626, 'listed_count': 5}",2015-02-20T23:29:13.000Z
73,2022-03-09T06:26:41.000Z,3033477774,"{'retweet_count': 1, 'reply_count': 1, 'like_count': 1, 'quote_count': 0}","@Daoyu15 @KoronaKitaya @BillyBostickson @SharriMarkson @gdemaneuf @jhas5 @FoolsMultiply @aemangus91 @capitolsheila @keverington @lissnup @R_H_Ebright @CharlesRixey @CentristXtreme @zhiyanle @Muller_Lab @Byron_Wan @franciscodeasis @GMWatch @MonaRahalkar @quay_dr @TheSeeker268 @Ayjchan @mattwridley @ianbirrell @Tantalite @joshrogin @AGHuff @samhusseini @NIH @sciencedirect @JVirology @jbloom_lab @JohnsHopkins @SpringerNature @BillGates @gatesfoundation @Nature @georgepavlakis @NCIResearchCtr @DukeU @MIT @WitsUniversity @BU_Tweets @UCLA @MX_UArizona @shendoug @PKU1898 @SpaceForceDoD The capacity for this type of activity has been demonstrated in IndoPacific; for example PLA...
https://t.co/5bboeoPxGd
also demonstrated to act in a way contrary to AUS &amp; Global interest has been identified.
https://t.co/F580eToIVb https://t.co/IbbFW283kf",1501444342161887236,"[{'type': 'replied_to', 'id': '1501440794120445955'}]",,"Philosopher therefore narcissist/
Tweets are tone deaf/
Twitter bad blog BAD!
As radically contradictory as all political moderates. Errors are my own.",tommy_cleary,3033477774,False,Tommy Cleary,"{'followers_count': 760, 'following_count': 5001, 'tweet_count': 19626, 'listed_count': 5}",2015-02-20T23:29:13.000Z
74,2022-03-09T06:12:35.000Z,3033477774,"{'retweet_count': 0, 'reply_count': 1, 'like_count': 0, 'quote_count': 0}","@Daoyu15 @KoronaKitaya @BillyBostickson @SharriMarkson @gdemaneuf @jhas5 @FoolsMultiply @aemangus91 @capitolsheila @keverington @lissnup @R_H_Ebright @CharlesRixey @CentristXtreme @zhiyanle @Muller_Lab @Byron_Wan @franciscodeasis @GMWatch @MonaRahalkar @quay_dr @TheSeeker268 @Ayjchan @mattwridley @ianbirrell @Tantalite @joshrogin @AGHuff @samhusseini @NIH @sciencedirect @JVirology @jbloom_lab @JohnsHopkins @SpringerNature @BillGates @gatesfoundation @Nature @georgepavlakis @NCIResearchCtr @DukeU @MIT @WitsUniversity @BU_Tweets @UCLA @MX_UArizona @shendoug @PKU1898 @SpaceForceDoD It should not be so difficult to ask such a question...but it is...even after years of grey zone tactics...how can we be sure that JEV in SA, for example, has not been facilitated by an offensive bioweapons program?
https://t.co/g32Eg6b6YP https://t.co/9Ia1uhrgT9",1501440794120445955,"[{'type': 'replied_to', 'id': '1501437844329402368'}]",,"Philosopher therefore narcissist/
Tweets are tone deaf/
Twitter bad blog BAD!
As radically contradictory as all political moderates. Errors are my own.",tommy_cleary,3033477774,False,Tommy Cleary,"{'followers_count': 760, 'following_count': 5001, 'tweet_count': 19626, 'listed_count': 5}",2015-02-20T23:29:13.000Z
75,2022-03-09T06:00:52.000Z,3033477774,"{'retweet_count': 0, 'reply_count': 1, 'like_count': 0, 'quote_count': 0}","@Daoyu15 @KoronaKitaya @BillyBostickson @SharriMarkson @gdemaneuf @jhas5 @FoolsMultiply @aemangus91 @capitolsheila @keverington @lissnup @R_H_Ebright @CharlesRixey @CentristXtreme @zhiyanle @Muller_Lab @Byron_Wan @franciscodeasis @GMWatch @MonaRahalkar @quay_dr @TheSeeker268 @Ayjchan @mattwridley @ianbirrell @Tantalite @joshrogin @AGHuff @samhusseini @NIH @sciencedirect @JVirology @jbloom_lab @JohnsHopkins @SpringerNature @BillGates @gatesfoundation @Nature @georgepavlakis @NCIResearchCtr @DukeU @MIT @WitsUniversity @BU_Tweets @UCLA @MX_UArizona @shendoug @PKU1898 @SpaceForceDoD &lt;&lt;Detection of Japanese encephalitis (JE) in a commercial piggery in SA
JE virus has been identified in samples from a commercial piggery in South Australia.
PIRSA has established an incident management team with staff conducting surveillance activities.&gt;&gt;
https://t.co/wNv4L4sxVj",1501437844329402368,"[{'type': 'replied_to', 'id': '1501437005699301376'}]",,"Philosopher therefore narcissist/
Tweets are tone deaf/
Twitter bad blog BAD!
As radically contradictory as all political moderates. Errors are my own.",tommy_cleary,3033477774,False,Tommy Cleary,"{'followers_count': 760, 'following_count': 5001, 'tweet_count': 19626, 'listed_count': 5}",2015-02-20T23:29:13.000Z
76,2022-03-09T05:57:32.000Z,3033477774,"{'retweet_count': 0, 'reply_count': 1, 'like_count': 0, 'quote_count': 0}","@Daoyu15 @KoronaKitaya @BillyBostickson @SharriMarkson @gdemaneuf @jhas5 @FoolsMultiply @aemangus91 @capitolsheila @keverington @lissnup @R_H_Ebright @CharlesRixey @CentristXtreme @zhiyanle @Muller_Lab @Byron_Wan @franciscodeasis @GMWatch @MonaRahalkar @quay_dr @TheSeeker268 @Ayjchan @mattwridley @ianbirrell @Tantalite @joshrogin @AGHuff @samhusseini @NIH @sciencedirect @JVirology @jbloom_lab @JohnsHopkins @SpringerNature @BillGates @gatesfoundation @Nature @georgepavlakis @NCIResearchCtr @DukeU @MIT @WitsUniversity @BU_Tweets @UCLA @MX_UArizona @shendoug @PKU1898 @SpaceForceDoD &lt;&lt;JEV, endemic in Torres Strait, not previously detected NSW or VIC &amp; never in SA...
lifecycle JEV is between waterbirds &amp; mosquitoes, which may then accidentally spill over to pigs &amp;horses, but currently no confirmed livestock JEV in SA; 27 Feb 2022&gt;&gt;
https://t.co/jzfH3hDKSE",1501437005699301376,"[{'type': 'replied_to', 'id': '1501434236892450822'}]",,"Philosopher therefore narcissist/
Tweets are tone deaf/
Twitter bad blog BAD!
As radically contradictory as all political moderates. Errors are my own.",tommy_cleary,3033477774,False,Tommy Cleary,"{'followers_count': 760, 'following_count': 5001, 'tweet_count': 19626, 'listed_count': 5}",2015-02-20T23:29:13.000Z
77,2022-03-09T06:32:47.000Z,491655057,"{'retweet_count': 0, 'reply_count': 0, 'like_count': 0, 'quote_count': 0}",@ShmadsYoDad @cartermoss00 @NathanWatt724 @barstoolsports @stoolbenchmob Tho I will be cheering on your ducks to keep the pac 12 relevant. I think AU and UCLA fall on there face before sweet 16. You guys have been money on getting there for years.,1501445877608632328,"[{'type': 'replied_to', 'id': '1501444651479453713'}]",,"I know that's not a popular opinion, but that's my two cents on the issue.",Conor1118,491655057,False,Conor Talleur,"{'followers_count': 200, 'following_count': 418, 'tweet_count': 2484, 'listed_count': 1}",2012-02-13T21:39:50.000Z
78,2022-03-09T06:32:39.000Z,1325116157129416705,"{'retweet_count': 0, 'reply_count': 1, 'like_count': 0, 'quote_count': 0}","@HairyMonkeyGor1 @raychilled @CroneInAMillion @Gillian_Philip @jk_rowling And even more sources for ya:

https://t.co/I1t0xJewJw
https://t.co/CJSf5z2aV0
https://t.co/gIOmKjPmRV
https://t.co/TiQltrtR18
https://t.co/EU1xmM1tbv
https://t.co/tpxoOUsI26",1501445844041535489,"[{'type': 'replied_to', 'id': '1501445784000077827'}]",,"ğŸŒˆHe/Him, 12+ year W101 veteran. Avid chess player, artist, book worm, and ATLA fan. Don't simp for the rich!
Member of the Watch
Leftist, Not A Democrat",AurumCalu,1325116157129416705,False,JaredSpellFrostğŸŒŠ,"{'followers_count': 42, 'following_count': 167, 'tweet_count': 6014, 'listed_count': 0}",2020-11-07T16:42:11.000Z
79,2022-03-09T06:32:16.000Z,792613759290343424,"{'retweet_count': 0, 'reply_count': 0, 'like_count': 0, 'quote_count': 0}","@BleacherReport @ArashMarkazi LAâ€™s Biggest/Loyal sports Fan base:
ğŸ—£
1. LAKERS ğŸ’œğŸ’›ğŸ€ğŸ†
1. DODGERS ğŸ’™âš¾ï¸ğŸ†
3. RAMSğŸ’™ğŸ’›ğŸˆ ğŸ†
4. USC Football â¤ï¸ğŸ’›ğŸˆğŸ†
4. Kings hockeyğŸ–¤ğŸ’ ğŸ†
5. LAFCğŸ–¤âš½ï¸ 
5. GalaxyğŸ’™ğŸ’›âš½ï¸ ğŸ†
6. UCLA basketball ğŸ’™ğŸ’›ğŸ†
7. Angelsâ¤ï¸âš¾ï¸ ğŸ†
8. Sparks WNBAğŸ’œğŸ’›ğŸ€ ğŸ†
9. Chargers ğŸ’™ğŸ’›ğŸˆ 
10. ClippersğŸ’™â¤ï¸ğŸ€",1501445747761246210,"[{'type': 'replied_to', 'id': '1126936781654458368'}]",,4yr Varsity BB/Softballâ›¹ğŸ»â€â™€ï¸âš¾ï¸CIF State ChampionğŸ† @RamsNFLğŸ’™ğŸ’›ğŸ† @LakersğŸ’œğŸ’› @DodgersğŸ’™ @LAKings ğŸ–¤,JessicaGonzo50,792613759290343424,False,Jessicaâ™¥ï¸ğŸŒ¸ğŸ‘©â€â¤ï¸â€ğŸ’‹â€ğŸ‘©ğŸ¥°ğŸ³ï¸â€ğŸŒˆ,"{'followers_count': 135, 'following_count': 394, 'tweet_count': 3325, 'listed_count': 5}",2016-10-30T06:27:01.000Z
80,2022-03-09T06:30:03.000Z,1366839416325611520,"{'retweet_count': 0, 'reply_count': 1, 'like_count': 0, 'quote_count': 0}","@pewpewpandazz @WhoAteMyToilet @TheQuiver_ ""This under-representation has reversed, however, according to a 2018 report from the Department of Social Sciences at UCLA, which states that, despite making up less than 13% of the US population, ""Blacks were overrepresented among actors in broadcast scripted shows in 2015-16,&gt;",1501445191336546306,"[{'type': 'replied_to', 'id': '1501441143590031361'}]",,,GuyManDudeBro2,1366839416325611520,False,GuyManDudeBro,"{'followers_count': 29, 'following_count': 2, 'tweet_count': 8633, 'listed_count': 4}",2021-03-02T19:54:53.000Z
81,2022-03-09T06:25:52.000Z,615552299,"{'retweet_count': 0, 'reply_count': 1, 'like_count': 2, 'quote_count': 0}",Little ass  5â€™4 Marco out here playing for UCLA and he didnâ€™t even tell me @EpicDiaz8 https://t.co/19gr5yaAlo,1501444135722504195,"[{'type': 'quoted', 'id': '1501306320229519364'}]",,,Ralfffael,615552299,False,Rafa,"{'followers_count': 156, 'following_count': 219, 'tweet_count': 12006, 'listed_count': 3}",2012-06-22T21:44:04.000Z
82,2022-03-09T06:25:20.000Z,1184147039052894208,"{'retweet_count': 0, 'reply_count': 0, 'like_count': 0, 'quote_count': 0}","Oh and btw, Garrett McGuigan(Cal) and Zach Strickland(UCLA) are 2 of 3 PAC-12 commits on this roster, so performances like these are to be expected. Doesnâ€™t make it any less fun to watch thoğŸ¤‘",1501444004507906049,"[{'type': 'replied_to', 'id': '1501432768080744452'}]",,"bass-baritone // âš¾ï¸ğŸ™@mhsbaseballfam // Supporter of Labor, Justin Herbert, Los Doyers, and anyone singing Figaro // (He/Him/His)",jfelixtoll,1184147039052894208,False,Jamie Felix-Toll,"{'followers_count': 85, 'following_count': 765, 'tweet_count': 2523, 'listed_count': 0}",2019-10-15T16:40:38.000Z
83,2022-03-09T06:25:11.000Z,1424136225653346305,"{'retweet_count': 0, 'reply_count': 1, 'like_count': 1, 'quote_count': 0}",@TeamTyPower @chrisreederATX @tcm That is a grueling schedule. Are you a physician? My ex used to have a schedule like that when he was a Resident at UCLA.,1501443963747667971,"[{'type': 'replied_to', 'id': '1501443343011782657'}]",,"U of Mich Wolverine, beach, art, travel, films, sports, cars, history. Eliot & Dickinson. Tall, thin, liberal, gay, Virgo. Sarcasm & wit are very close.ğŸŒ»ğŸ’‰ğŸ’‰ğŸ’‰",CarloAgostinel3,1424136225653346305,False,GianCarlo Agostinelli ğŸ‡ºğŸ‡¦,"{'followers_count': 264, 'following_count': 446, 'tweet_count': 12091, 'listed_count': 2}",2021-08-07T22:32:10.000Z
84,2022-03-09T06:22:43.000Z,1305185546235310080,"{'retweet_count': 0, 'reply_count': 0, 'like_count': 1, 'quote_count': 0}",Stole this from Ucla secrets but they really singled out all 5â€™4 bitches (me) https://t.co/J91Wu3JNJh,1501443344693534721,,,live-streaming from my brain . la . 909 .,cang0011,1305185546235310080,False,C-PAIN (BUY YOU A DRANK),"{'followers_count': 122, 'following_count': 141, 'tweet_count': 2063, 'listed_count': 0}",2020-09-13T16:44:28.000Z
85,2022-03-09T06:22:30.000Z,1012038065206882304,"{'retweet_count': 0, 'reply_count': 1, 'like_count': 2, 'quote_count': 0}","I have given a lot of shit over this precise thing, and it only starts at addressing what I care about, but it is worth promoting nonetheless: the Cuneiform Digital Library Initiative https://t.co/N8882DESOY",1501443288754229249,,,"I code for money and write for pleasure

my newest book about social evolution
Technocephalization https://t.co/uIa24lNq3V",ne0agent1c,1012038065206882304,False,ğ’€­Bryce Vincent Laliberte,"{'followers_count': 2367, 'following_count': 252, 'tweet_count': 36629, 'listed_count': 31}",2018-06-27T18:20:52.000Z
86,2022-03-09T06:19:46.000Z,1356295481471590400,"{'retweet_count': 0, 'reply_count': 1, 'like_count': 0, 'quote_count': 0}","(1978) Harry Jerison â€“ â€œAmerican psychologist Harry Jerison suggested the possibility of sapient dinosaurs.

https://t.co/OO9NymQeyy",1501442602419343364,"[{'type': 'replied_to', 'id': '1501442600678703106'}]",,"Disseminating dirt & destroying disinformation (Cabal Mythos) within the Saturn Death Cult.

Mankind's greatest fears manifest due to THEIR lack of knowledge.",SecretSoSHHiety,1356295481471590400,False,Glitch Magnet of the Matrix,"{'followers_count': 469, 'following_count': 466, 'tweet_count': 20156, 'listed_count': 0}",2021-02-01T17:37:32.000Z
87,2022-03-09T06:17:26.000Z,337905276,"{'retweet_count': 0, 'reply_count': 0, 'like_count': 1, 'quote_count': 0}",@xxldawg @UWSoftball @CoachTarr That means more than you know! Tune into UCLA series! ğŸ’œ,1501442015027818499,"[{'type': 'replied_to', 'id': '1501436930990358529'}]",,Jesus â€  | Univ. of Washington Softball #7 | Stay at home daughter who enjoys long walks around the basesğŸ¤ª,tarynatlee_,337905276,False,Taryn AtleeğŸŒ¼,"{'followers_count': 2426, 'following_count': 994, 'tweet_count': 13468, 'listed_count': 14}",2011-07-18T19:28:38.000Z
88,2022-03-09T06:13:45.000Z,1143240988250365952,"{'retweet_count': 0, 'reply_count': 0, 'like_count': 1, 'quote_count': 0}","@cameronsalerno1 This will be a excellent matchup McCain has offers from Duke, Gonzaga, UCLA and a few others . 2024 Phillips is amazing as well",1501441088183148545,"[{'type': 'replied_to', 'id': '1501426237117403136'}]",,"photographer capturing sports and lifestyle. Married to My Wife 11-8-2019 ğŸ’ . Located in, CA but can travel .",samstriphoto360,1143240988250365952,False,samstringerphotography360,"{'followers_count': 107, 'following_count': 318, 'tweet_count': 989, 'listed_count': 0}",2019-06-24T19:34:26.000Z
89,2022-03-09T06:12:06.000Z,1377625264713310228,"{'retweet_count': 1, 'reply_count': 0, 'like_count': 1, 'quote_count': 0}","@ITRI_Taiwan and @UCLA signed a #VC-#MRAM cooperation project aiming to accelerate the R&amp;D of next-generation #memory. #MRAM #DARPA #MOEA 

https://t.co/AWmc2D47BU",1501440672091369487,,,The official twitter account of https://t.co/hFmuqshHBk. Your source of the latest news and analysis on the semiconductor and electronics engineering industry.,EETimes_Asia,1377625264713310228,False,EETAsia | Electronic Engineering Times Asia,"{'followers_count': 59, 'following_count': 184, 'tweet_count': 627, 'listed_count': 0}",2021-04-01T14:14:53.000Z
90,2022-03-09T06:10:58.000Z,23112622,"{'retweet_count': 0, 'reply_count': 0, 'like_count': 0, 'quote_count': 0}",@Ozmosis711 @JDumasReports He was one and done at UCLA.,1501440387122008067,"[{'type': 'replied_to', 'id': '1501262562893066242'}]",,,ericturner42,23112622,False,Kenny Byrd,"{'followers_count': 27, 'following_count': 159, 'tweet_count': 2124, 'listed_count': 0}",2009-03-06T20:18:49.000Z
91,2022-03-09T06:10:54.000Z,3844416792,"{'retweet_count': 0, 'reply_count': 1, 'like_count': 1, 'quote_count': 0}",@CANsurvive Ugh. I hope UCLA will accept your other MRI - the radiologist at UCLA can get the images if they want to read it themselves,1501440370210586633,"[{'type': 'replied_to', 'id': '1501427323299504130'}]",,"(former) doctor, mother, woman LIVING with metastatic breast cancer. Grant reviewer. Conference goer. METAvivor board member. She/her. #NotDeadYet for 8 years",stage4kelly,3844416792,False,Dr. Kelly Shanahan,"{'followers_count': 7418, 'following_count': 1001, 'tweet_count': 20203, 'listed_count': 88}",2015-10-10T06:14:39.000Z
92,2022-03-09T06:10:45.000Z,1483477673510846475,"{'retweet_count': 0, 'reply_count': 0, 'like_count': 0, 'quote_count': 0}",@WriterLeader247 UCLA was my preseason pick now Iâ€™m feeling Kentucky . Thank god u didnâ€™t say nova,1501440332738801666,"[{'type': 'replied_to', 'id': '1501345645122273281'}]",,,NathanielBressi,1483477673510846475,False,Nathaniel Bressi,"{'followers_count': 53, 'following_count': 328, 'tweet_count': 944, 'listed_count': 0}",2022-01-18T16:33:50.000Z
93,2022-03-09T06:08:48.000Z,68573321,"{'retweet_count': 0, 'reply_count': 1, 'like_count': 0, 'quote_count': 0}","Love @BrodieNBCS YouTube channel but I canâ€™t get behind calling the Aâ€™s yellow â€œgoldâ€ the 49ers have gold, the ucla bruins are gold. The @Athletics have yellow.",1501439841497595904,,,I get paid to watch sports for the @rivercats and @sanjosesharks livin the dream! follow my photography IG @SeanSullivanPhotog,SeanSullivan_23,68573321,False,Sean Sullivan,"{'followers_count': 216, 'following_count': 729, 'tweet_count': 32880, 'listed_count': 10}",2009-08-25T01:41:23.000Z
94,2022-03-09T06:00:56.000Z,381816948,"{'retweet_count': 14, 'reply_count': 1, 'like_count': 109, 'quote_count': 1}","FINAL: UCLA 5, Cal State Fullerton 4

The Bruins pick up a midweek victory over the Titans and have now won seven of their last eight games.

#GoBruins https://t.co/S7CJ8akNGZ",1501437862532710403,,,The official Twitter account of UCLA Baseball,UCLABaseball,381816948,True,UCLA Baseball,"{'followers_count': 47043, 'following_count': 308, 'tweet_count': 20997, 'listed_count': 423}",2011-09-29T00:22:30.000Z
95,2022-03-09T06:00:40.000Z,1362650999324868615,"{'retweet_count': 0, 'reply_count': 0, 'like_count': 2, 'quote_count': 0}","@AsteadWesley Interesting context, thanks for sharing. Had wondered why the UCLA alleged shoplifting in China got more coverage other than Lavar Ball's penchant for publicity.",1501437794534797320,"[{'type': 'replied_to', 'id': '1501435812038287361'}]",,"I like apples.

Tho' much is taken, much abides",relatively_easy,1362650999324868615,False,The Elitest Elitist,"{'followers_count': 39, 'following_count': 554, 'tweet_count': 2284, 'listed_count': 4}",2021-02-19T06:31:41.000Z
96,2022-03-09T05:54:07.000Z,952039540109332483,"{'retweet_count': 0, 'reply_count': 0, 'like_count': 0, 'quote_count': 0}","Tough path for top seeded Arizona in the Pac 12 tournament. I like UCLA in this one.

I'll have the Big East, Big 12, SEC, Big Ten and American tomorrow. https://t.co/ZRplPBgSJs",1501436145346830336,,,Mizzou â€˜24 l Chicago sports fan l Broadcaster @KCOUsports | Co-Host of @marathontomarch and Start Your Sunday l Lots of college basketball talk,liddy121212,952039540109332483,False,Jonathan Lidskin,"{'followers_count': 236, 'following_count': 399, 'tweet_count': 8973, 'listed_count': 1}",2018-01-13T04:48:09.000Z
97,2022-03-09T05:53:22.000Z,596172415,"{'retweet_count': 0, 'reply_count': 0, 'like_count': 0, 'quote_count': 0}",UCLA better then Arizona so idk what you talking about. https://t.co/3p6miclleK,1501435957676941314,"[{'type': 'quoted', 'id': '1501411365642248198'}]",,ğŸˆ,snipermike30,596172415,False,SniperMcNasty,"{'followers_count': 339, 'following_count': 642, 'tweet_count': 27778, 'listed_count': 2}",2012-06-01T06:00:27.000Z
98,2022-03-09T05:48:52.000Z,156203352,"{'retweet_count': 0, 'reply_count': 0, 'like_count': 1, 'quote_count': 0}",@UCLA_NYC @Kasparov63 I would also expect that there would be a possibility to rent those plans for a symbolic fee.,1501434824015425539,"[{'type': 'replied_to', 'id': '1501376129592143872'}]",,I regularly#mute idiots to keep my timeline a bit more sane. BTW the opinions are my own.,mpfellman,156203352,False,Marc Fellman (fully ğŸ’‰ğŸ‘ğŸ»),"{'followers_count': 189, 'following_count': 260, 'tweet_count': 14948, 'listed_count': 10}",2010-06-16T08:28:00.000Z
99,2022-03-09T05:48:32.000Z,3476038273,"{'retweet_count': 0, 'reply_count': 0, 'like_count': 0, 'quote_count': 0}",https://t.co/QedVNwV4xA https://t.co/AhKTPQT9tV Katelyn ohashi (227's YouTube Chili' UCLA Chili' Bruins Spicy' https://t.co/K8Jh27SYHT https://t.co/bCgoLMBhl8 Spicy' NBA Mix!)in Persian carpet tapestryâ€¦ https://t.co/ORInZdRz2G https://t.co/CtP025qZ3y https://t.co/RJ2bh78Ta8,1501434743102996481,,,227's YouTube Chili' UCLA Chili' Bruins #JORDAN'Spicy' NFL Spicy' NBA Mix! https://t.co/tfdF2zF4AL,ucla_bruinchili,3476038273,False,Jamaal Al-Din,"{'followers_count': 12, 'following_count': 36, 'tweet_count': 37136, 'listed_count': 0}",2015-09-07T00:17:30.000Z
